{
	"info": {
		"_postman_id": "5f6608ed-226f-475c-b5c7-21b7a1a2f767",
		"name": "WP API - Persons",
		"schema": "https://schema.getpostman.com/json/collection/v2.1.0/collection.json",
		"_exporter_id": "7573401"
	},
	"item": [
		{
			"name": "Add Person",
			"request": {
				"method": "POST",
				"header": [
					{
						"key": "Content-Type",
						"value": "application/json",
						"type": "text"
					}
				],
				"body": {
					"mode": "formdata",
					"formdata": [
						{
							"key": "name",
							"value": "Abdul Hafeez",
							"type": "text"
						},
						{
							"key": "age",
							"value": "27",
							"type": "text"
						},
						{
							"key": "gender",
							"value": "Male",
							"type": "text"
						},
						{
							"key": "image",
							"type": "file",
							"src": "/C:/Users/Abdul Hafeez/Pictures/1.jpg"
						}
					]
				},
				"url": {
					"raw": "http://localhost/wp_codehafeez/wp-json/person-api/v1/persons",
					"protocol": "http",
					"host": [
						"localhost"
					],
					"path": [
						"wp_codehafeez",
						"wp-json",
						"person-api",
						"v1",
						"persons"
					]
				}
			},
			"response": []
		},
		{
			"name": "Update Person",
			"request": {
				"method": "POST",
				"header": [
					{
						"key": "Content-Type",
						"value": "application/json",
						"type": "text"
					}
				],
				"body": {
					"mode": "formdata",
					"formdata": [
						{
							"key": "id",
							"value": "5",
							"type": "text"
						},
						{
							"key": "name",
							"value": "CodeHafeez",
							"type": "text"
						},
						{
							"key": "age",
							"value": "26",
							"type": "text"
						},
						{
							"key": "gender",
							"value": "Male",
							"type": "text"
						},
						{
							"key": "image",
							"type": "file",
							"src": "/C:/Users/Abdul Hafeez/Pictures/1.jpg",
							"disabled": true
						}
					]
				},
				"url": {
					"raw": "http://localhost/wp_codehafeez/wp-json/person-api/v1/persons/update",
					"protocol": "http",
					"host": [
						"localhost"
					],
					"path": [
						"wp_codehafeez",
						"wp-json",
						"person-api",
						"v1",
						"persons",
						"update"
					]
				}
			},
			"response": []
		},
		{
			"name": "Get All Persons",
			"protocolProfileBehavior": {
				"disableBodyPruning": true
			},
			"request": {
				"method": "GET",
				"header": [
					{
						"key": "Content-Type",
						"value": "application/json",
						"type": "text"
					}
				],
				"body": {
					"mode": "raw",
					"raw": ""
				},
				"url": {
					"raw": "http://localhost/wp_codehafeez/wp-json/person-api/v1/persons",
					"protocol": "http",
					"host": [
						"localhost"
					],
					"path": [
						"wp_codehafeez",
						"wp-json",
						"person-api",
						"v1",
						"persons"
					]
				}
			},
			"response": []
		},
		{
			"name": "Getting a Specific Person",
			"protocolProfileBehavior": {
				"disableBodyPruning": true
			},
			"request": {
				"method": "GET",
				"header": [
					{
						"key": "Content-Type",
						"value": "application/json",
						"type": "text"
					}
				],
				"body": {
					"mode": "raw",
					"raw": ""
				},
				"url": {
					"raw": "http://localhost/wp_codehafeez/wp-json/person-api/v1/persons/5",
					"protocol": "http",
					"host": [
						"localhost"
					],
					"path": [
						"wp_codehafeez",
						"wp-json",
						"person-api",
						"v1",
						"persons",
						"5"
					]
				}
			},
			"response": []
		},
		{
			"name": "Finding Person by Name",
			"request": {
				"method": "GET",
				"header": [
					{
						"key": "Content-Type",
						"value": "application/json",
						"type": "text"
					}
				],
				"url": {
					"raw": "http://localhost/wp_codehafeez/wp-json/person-api/v1/persons/find/Hafeez",
					"protocol": "http",
					"host": [
						"localhost"
					],
					"path": [
						"wp_codehafeez",
						"wp-json",
						"person-api",
						"v1",
						"persons",
						"find",
						"Hafeez"
					]
				}
			},
			"response": []
		},
		{
			"name": "Delete Person",
			"request": {
				"method": "DELETE",
				"header": [
					{
						"key": "Content-Type",
						"value": "application/json",
						"type": "text"
					}
				],
				"url": {
					"raw": "http://localhost/wp_codehafeez/wp-json/person-api/v1/persons/2",
					"protocol": "http",
					"host": [
						"localhost"
					],
					"path": [
						"wp_codehafeez",
						"wp-json",
						"person-api",
						"v1",
						"persons",
						"2"
					]
				}
			},
			"response": []
		}
	]
}